{
  "files": [
    {
      "filepath": "/Users/kyle/benchmark-state/benchmarks/state-management/groups/06-memory/memory-allocation.bench.ts",
      "groups": [
        {
          "fullName": "groups/06-memory/memory-allocation.bench.ts > Memory Allocation",
          "benchmarks": [
            {
              "id": "-541113183_0_0",
              "name": "Large State Allocation - Redux Toolkit",
              "rank": 8,
              "rme": 1.3228031819740862,
              "samples": [],
              "totalTime": 500.0601999999997,
              "min": 1.0355420000000777,
              "max": 3.2670830000000137,
              "hz": 891.8926161290185,
              "period": 1.1212112107623313,
              "mean": 1.1212112107623313,
              "variance": 0.025538068111492725,
              "sd": 0.15980634565464766,
              "sem": 0.00756704978194607,
              "df": 445,
              "critical": 1.96,
              "moe": 0.014831417572614296,
              "p75": 1.0964170000000877,
              "p99": 1.705459000000019,
              "p995": 1.909374999999983,
              "p999": 3.2670830000000137,
              "sampleCount": 446,
              "median": 1.074604499999964
            },
            {
              "id": "-541113183_0_1",
              "name": "Large State Allocation - Zustand",
              "rank": 5,
              "rme": 0.9092961209575543,
              "samples": [],
              "totalTime": 500.3928249999991,
              "min": 1.0337500000000546,
              "max": 2.1520000000000437,
              "hz": 907.2871898193201,
              "period": 1.1021868392070464,
              "mean": 1.1021868392070464,
              "variance": 0.011870385654611454,
              "sd": 0.10895129946270239,
              "sem": 0.005113337844190994,
              "df": 453,
              "critical": 1.96,
              "moe": 0.010022142174614349,
              "p75": 1.0866659999999229,
              "p99": 1.4543749999999136,
              "p995": 1.5172499999998763,
              "p999": 2.1520000000000437,
              "sampleCount": 454,
              "median": 1.0584165000000212
            },
            {
              "id": "-541113183_0_2",
              "name": "Large State Allocation - Jotai",
              "rank": 4,
              "rme": 0.6568558386045795,
              "samples": [],
              "totalTime": 500.51613600000155,
              "min": 1.0337079999999332,
              "max": 1.387749999999869,
              "hz": 917.0533515027348,
              "period": 1.090449098039219,
              "mean": 1.090449098039219,
              "variance": 0.00612987286438634,
              "sd": 0.07829350461172586,
              "sem": 0.003654427840551829,
              "df": 458,
              "critical": 1.96,
              "moe": 0.007162678567481585,
              "p75": 1.081083000000035,
              "p99": 1.3525830000000951,
              "p995": 1.3652920000001814,
              "p999": 1.387749999999869,
              "sampleCount": 459,
              "median": 1.0591670000001159
            },
            {
              "id": "-541113183_0_3",
              "name": "Large State Allocation - MobX",
              "rank": 1,
              "rme": 0.6189833431623251,
              "samples": [],
              "totalTime": 500.54952999999614,
              "min": 1.0327079999997295,
              "max": 1.4228330000000824,
              "hz": 924.9833877578579,
              "period": 1.0811004967602509,
              "mean": 1.0811004967602509,
              "variance": 0.005397080635756973,
              "sd": 0.07346482584037733,
              "sem": 0.0034141999988730127,
              "df": 462,
              "critical": 1.96,
              "moe": 0.006691831997791105,
              "p75": 1.0652920000002268,
              "p99": 1.314292000000023,
              "p995": 1.3306250000000546,
              "p999": 1.4228330000000824,
              "sampleCount": 463,
              "median": 1.0525840000000244
            },
            {
              "id": "-541113183_0_4",
              "name": "Large State Allocation - Valtio",
              "rank": 7,
              "rme": 1.103367181985948,
              "samples": [],
              "totalTime": 500.13099000000693,
              "min": 1.031999999999698,
              "max": 2.5742499999996653,
              "hz": 897.7648035767465,
              "period": 1.1138774832962293,
              "mean": 1.1138774832962293,
              "variance": 0.01765424595686141,
              "sd": 0.1328692814643829,
              "sem": 0.006270489080725309,
              "df": 448,
              "critical": 1.96,
              "moe": 0.012290158598221605,
              "p75": 1.094000000000051,
              "p99": 1.465375000000222,
              "p995": 1.7518749999999272,
              "p999": 2.5742499999996653,
              "sampleCount": 449,
              "median": 1.0649999999995998
            },
            {
              "id": "-541113183_0_5",
              "name": "Large State Allocation - Preact Signals",
              "rank": 6,
              "rme": 0.9863413060953832,
              "samples": [],
              "totalTime": 501.01699799999324,
              "min": 1.0332499999999527,
              "max": 2.411250000000109,
              "hz": 904.1609402641586,
              "period": 1.1059977880794554,
              "mean": 1.1059977880794554,
              "variance": 0.014032951298214082,
              "sd": 0.11846075847391017,
              "sem": 0.005565771953229055,
              "df": 452,
              "critical": 1.96,
              "moe": 0.010908913028328948,
              "p75": 1.0842079999997623,
              "p99": 1.4816249999998945,
              "p995": 1.672125000000051,
              "p999": 2.411250000000109,
              "sampleCount": 453,
              "median": 1.0630840000003445
            },
            {
              "id": "-541113183_0_6",
              "name": "Large State Allocation - Solid Signals",
              "rank": 3,
              "rme": 0.6116992061235003,
              "samples": [],
              "totalTime": 500.54691700000194,
              "min": 1.030917000000045,
              "max": 1.48174999999992,
              "hz": 922.9904017169248,
              "period": 1.0834348852813895,
              "mean": 1.0834348852813895,
              "variance": 0.0052821568972674544,
              "sd": 0.0726784486437861,
              "sem": 0.0033813074449649564,
              "df": 461,
              "critical": 1.96,
              "moe": 0.006627362592131315,
              "p75": 1.0693750000000364,
              "p99": 1.3095830000002024,
              "p995": 1.3432080000002316,
              "p999": 1.48174999999992,
              "sampleCount": 462,
              "median": 1.0557084999998096
            },
            {
              "id": "-541113183_0_7",
              "name": "Large State Allocation - Zen",
              "rank": 2,
              "rme": 0.6143817296999875,
              "samples": [],
              "totalTime": 500.2140610000142,
              "min": 1.030999999999949,
              "max": 1.466750000000502,
              "hz": 923.6045845580236,
              "period": 1.0827144177489485,
              "mean": 1.0827144177489485,
              "variance": 0.005321502340046025,
              "sd": 0.07294862808885459,
              "sem": 0.003393877330345479,
              "df": 461,
              "critical": 1.96,
              "moe": 0.006651999567477139,
              "p75": 1.068583000000217,
              "p99": 1.3192920000001322,
              "p995": 1.3342499999998836,
              "p999": 1.466750000000502,
              "sampleCount": 462,
              "median": 1.0534374999997453
            }
          ]
        }
      ]
    }
  ]
}