{
  "files": [
    {
      "filepath": "/Users/kyle/benchmark-state/benchmarks/state-management/groups/01-read/read-x1.bench.ts",
      "groups": [
        {
          "fullName": "groups/01-read/read-x1.bench.ts > Read Operations - x1",
          "benchmarks": [
            {
              "id": "294849859_0_0",
              "name": "Simple Read - Redux Toolkit",
              "rank": 15,
              "rme": 0.20690960904946762,
              "samples": [],
              "totalTime": 500.00105000001514,
              "min": 0.0009159999999610591,
              "max": 0.19404199999999605,
              "hz": 960311.9833448058,
              "period": 0.0010413282530505963,
              "mean": 0.0010413282530505963,
              "variance": 5.802401084148753e-7,
              "sd": 0.0007617349331722127,
              "sem": 0.0000010992899067901225,
              "df": 480156,
              "critical": 1.96,
              "moe": 0.00000215460821730864,
              "p75": 0.0010419999999840002,
              "p99": 0.0013329999999882602,
              "p995": 0.0015829999999823485,
              "p999": 0.002334000000018932,
              "sampleCount": 480157,
              "median": 0.0010000000000331966
            },
            {
              "id": "294849859_0_1",
              "name": "Simple Read - Zustand",
              "rank": 16,
              "rme": 1.1838939959008505,
              "samples": [],
              "totalTime": 500.0024090000228,
              "min": 0.002457999999933236,
              "max": 3.0104169999999613,
              "hz": 363178.2502071739,
              "period": 0.002753468852910528,
              "mean": 0.002753468852910528,
              "variance": 0.000050230298414194795,
              "sd": 0.007087333660425111,
              "sem": 0.000016631710422759063,
              "df": 181589,
              "critical": 1.96,
              "moe": 0.00003259815242860776,
              "p75": 0.0027079999999841675,
              "p99": 0.003500000000030923,
              "p995": 0.004083999999920707,
              "p999": 0.011792000000014013,
              "sampleCount": 181590,
              "median": 0.0026250000000800355
            },
            {
              "id": "294849859_0_2",
              "name": "Simple Read - Jotai",
              "rank": 2,
              "rme": 1.4167900818420704,
              "samples": [],
              "totalTime": 500.000021999967,
              "min": 0,
              "max": 3.6062910000000556,
              "hz": 36293502.403088294,
              "period": 0.000027553141300435855,
              "mean": 0.000027553141300435855,
              "variance": 7.198466966163453e-7,
              "sd": 0.000848437797729654,
              "sem": 1.9916845570434004e-7,
              "df": 18146751,
              "critical": 1.96,
              "moe": 3.903701731805065e-7,
              "p75": 0.00004200000012133387,
              "p99": 0.00004200000012133387,
              "p995": 0.00004200000012133387,
              "p999": 0.00008299999990413198,
              "sampleCount": 18146752,
              "median": 0.000041000000237545464
            },
            {
              "id": "294849859_0_3",
              "name": "Simple Read - MobX",
              "rank": 12,
              "rme": 0.34685704822127833,
              "samples": [],
              "totalTime": 500.00020499964194,
              "min": 0.00016599999980826396,
              "max": 0.4034590000001117,
              "hz": 3831724.428995728,
              "period": 0.0002609791018458219,
              "mean": 0.0002609791018458219,
              "variance": 4.0866253027910914e-7,
              "sd": 0.0006392671822322097,
              "sem": 4.6184918833511306e-7,
              "df": 1915862,
              "critical": 1.96,
              "moe": 9.052244091368216e-7,
              "p75": 0.0002500000000509317,
              "p99": 0.00033400000029359944,
              "p995": 0.0003749999996216502,
              "p999": 0.0006659999999101274,
              "sampleCount": 1915863,
              "median": 0.0002500000000509317
            },
            {
              "id": "294849859_0_4",
              "name": "Simple Read - Valtio",
              "rank": 11,
              "rme": 0.37755748935826394,
              "samples": [],
              "totalTime": 500.0000289992531,
              "min": 0.0001249999995707185,
              "max": 0.4555000000000291,
              "hz": 4920751.714603751,
              "period": 0.00020322098289011643,
              "mean": 0.00020322098289011643,
              "variance": 3.770445028495596e-7,
              "sd": 0.0006140394961641797,
              "sem": 3.9146736778015856e-7,
              "df": 2460375,
              "critical": 1.96,
              "moe": 7.672760408491108e-7,
              "p75": 0.00020899999981338624,
              "p99": 0.0002500000000509317,
              "p995": 0.00029100000028847717,
              "p999": 0.00033400000029359944,
              "sampleCount": 2460376,
              "median": 0.00020800000038434519
            },
            {
              "id": "294849859_0_5",
              "name": "Simple Read - Preact Signals",
              "rank": 3,
              "rme": 0.04471481426951101,
              "samples": [],
              "totalTime": 500.00002000131917,
              "min": 0,
              "max": 0.03854200000023411,
              "hz": 34347738.62599984,
              "period": 0.000029113998184527958,
              "mean": 0.000029113998184527958,
              "variance": 7.576394705902145e-10,
              "sd": 0.000027525251508209954,
              "sem": 6.641974599306369e-9,
              "df": 17173869,
              "critical": 1.96,
              "moe": 1.3018270214640483e-8,
              "p75": 0.00004199999966658652,
              "p99": 0.00004200000148557592,
              "p995": 0.00004200000148557592,
              "p999": 0.00008300000081362668,
              "sampleCount": 17173870,
              "median": 0.000041000001147040166
            },
            {
              "id": "294849859_0_6",
              "name": "Simple Read - Solid Signals",
              "rank": 1,
              "rme": 0.04264612620748852,
              "samples": [],
              "totalTime": 500.0000329997056,
              "min": 0,
              "max": 0.02341599999999744,
              "hz": 39913249.365749046,
              "period": 0.00002505433699061683,
              "mean": 0.00002505433699061683,
              "variance": 5.930618397865035e-10,
              "sd": 0.0000243528610185026,
              "sem": 5.451379680340782e-9,
              "df": 19956625,
              "critical": 1.96,
              "moe": 1.0684704173467933e-8,
              "p75": 0.00004199999966658652,
              "p99": 0.00004200000148557592,
              "p995": 0.00004200000148557592,
              "p999": 0.00004200000148557592,
              "sampleCount": 19956626,
              "median": 0.00004099999932805076
            },
            {
              "id": "294849859_0_7",
              "name": "Simple Read - Zen",
              "rank": 4,
              "rme": 0.1558667316934061,
              "samples": [],
              "totalTime": 500.00000299833664,
              "min": 0,
              "max": 0.098667000002024,
              "hz": 32186171.806990042,
              "period": 0.0000310692432140322,
              "mean": 0.0000310692432140322,
              "variance": 9.82415932179643e-9,
              "sd": 0.00009911689725670609,
              "sem": 2.470745610183028e-8,
              "df": 16093085,
              "critical": 1.96,
              "moe": 4.8426613959587353e-8,
              "p75": 0.00004199999966658652,
              "p99": 0.000042000003304565325,
              "p995": 0.00008299999899463728,
              "p999": 0.00008400000297115184,
              "sampleCount": 16093086,