{
  "files": [
    {
      "filepath": "/Users/kyle/benchmark-state/benchmarks/state-management/groups/09-computed-native/computed-native.bench.ts",
      "groups": [
        {
          "fullName": "groups/09-computed-native/computed-native.bench.ts > Simple Computed",
          "benchmarks": [
            {
              "id": "599836661_0_0",
              "name": "Native Computed - Jotai",
              "rank": 5,
              "rme": 3.9610029585625597,
              "samples": [],
              "totalTime": 500.0012759999967,
              "min": 0.0009999999999763531,
              "max": 3.368832999999995,
              "hz": 639976.3667803162,
              "period": 0.0015625577004209417,
              "mean": 0.0015625577004209417,
              "variance": 0.00031908424929271535,
              "sd": 0.017862929471190198,
              "sem": 0.00003157803915455133,
              "df": 319988,
              "critical": 1.96,
              "moe": 0.0000618929567429206,
              "p75": 0.0014999999999645297,
              "p99": 0.0029159999999706088,
              "p995": 0.003458000000023276,
              "p999": 0.012999999999976808,
              "sampleCount": 319989,
              "median": 0.0012909999999806132
            },
            {
              "id": "599836661_0_1",
              "name": "Native Computed - MobX",
              "rank": 4,
              "rme": 0.21574812401641205,
              "samples": [],
              "totalTime": 500.0001129998824,
              "min": 0.00012499999979809218,
              "max": 0.20541700000001129,
              "hz": 4049759.0847553993,
              "period": 0.000246928268835626,
              "mean": 0.000246928268835626,
              "variance": 1.4959698047749181e-7,
              "sd": 0.00038677768870178103,
              "sem": 2.718077079995234e-7,
              "df": 2024879,
              "critical": 1.96,
              "moe": 5.327431076790658e-7,
              "p75": 0.0002919999999448919,
              "p99": 0.00041699999997035775,
              "p995": 0.00045799999998052954,
              "p999": 0.0005830000000059954,
              "sampleCount": 2024880,
              "median": 0.00020900000004075991
            },
            {
              "id": "599836661_0_2",
              "name": "Native Computed - Solid Signals",
              "rank": 1,
              "rme": 0.23861279092491014,
              "samples": [],
              "totalTime": 500.000024000351,
              "min": 0,
              "max": 0.37220899999965695,
              "hz": 38515286.15123923,
              "period": 0.000025963717264705433,
              "mean": 0.000025963717264705433,
              "variance": 1.924031573611077e-8,
              "sd": 0.00013870946520014692,
              "sem": 3.160854611896244e-8,
              "df": 19257643,
              "critical": 1.96,
              "moe": 6.195275039316638e-8,
              "p75": 0.00004200000012133387,
              "p99": 0.00008299999990413198,
              "p995": 0.00008399999978792039,
              "p999": 0.00012500000002546585,
              "sampleCount": 19257644,
              "median": 0.00004099999978279811
            },
            {
              "id": "599836661_0_3",
              "name": "Native Computed - Preact Signals",
              "rank": 3,
              "rme": 0.17590683089420714,
              "samples": [],
              "totalTime": 500.0000340011011,
              "min": 0,
              "max": 0.4219999999995707,
              "hz": 22057344.500052,
              "period": 0.00004533637310681902,
              "mean": 0.00004533637310681902,
              "variance": 1.8258709289450135e-8,
              "sd": 0.00013512479154267041,
              "sem": 4.068866182376476e-8,
              "df": 11028672,
              "critical": 1.96,
              "moe": 7.974977717457894e-8,
              "p75": 0.00004200000057608122,
              "p99": 0.00008400000024266774,
              "p995": 0.0001250000004802132,
              "p999": 0.00016699999923730502,
              "sampleCount": 11028673,
              "median": 0.00004199999966658652
            },
            {
              "id": "599836661_0_4",
              "name": "Native Computed - Zen",
              "rank": 2,
              "rme": 0.7142347594831521,
              "samples": [],
              "totalTime": 500.00000699954944,
              "min": 0,
              "max": 1.0690000000013242,
              "hz": 22373839.686786406,
              "period": 0.00004469505520729114,
              "mean": 0.00004469505520729114,
              "variance": 2.967558642574007e-7,
              "sd": 0.0005447530305169497,
              "sem": 1.628712347248255e-7,
              "df": 11186919,
              "critical": 1.96,
              "moe": 3.1922762006065796e-7,
              "p75": 0.00004199999966658652,
              "p99": 0.00008400000115216244,
              "p995": 0.0001250000004802132,
              "p999": 0.0001250000004802132,
              "sampleCount": 11186920,
              "median": 0.00004199999966658652
            }
          ]
        },
        {
          "fullName": "groups/09-computed-native/computed-native.bench.ts > Chained Computed",
          "benchmarks": [
            {
              "id": "599836661_1_0",
              "name": "Chained Computed - Jotai",
              "rank": 5,
              "rme": 4.546993333392827,
              "samples": [],
              "totalTime": 500.26658599983966,
              "min": 0.0017090000001189765,
              "max": 2.954458000000159,
              "hz": 394077.8887040503,
              "period": 0.0025375694213358745,
              "mean": 0.0025375694213358745,
              "variance": 0.0006832126843487924,
              "sd": 0.026138337444236815,
              "sem": 0.00005886893490732507,
              "df": 197143,
              "critical": 1.96,
              "moe": 0.00011538311241835714,
              "p75": 0.002540999999837368,
              "p99": 0.003584000000046217,
              "p995": 0.0037089999987074407,
              "p999": 0.004957999999533058,
              "sampleCount": 197144,
              "median": 0.0021249999990686774
            },
            {
              "id": "599836661_1_1",
              "name": "Chained Computed - MobX",
              "rank": 4,
              "rme": 0.5558825380781672,
              "samples": [],
              "totalTime": 500.0004840001384,
              "min": 0.00029099999846948776,
              "max": 0.4276669999999285,
              "hz": 2153431.91547731,
              "period": 0.00046437502519244925,
              "mean": 0.00046437502519244925,
              "variance": 0.000001867640143687886,
              "sd": 0.0013666163118036775,
              "sem": 0.0000013170304470616916,
              "df": 1076716,
              "critical": 1.96,
              "moe": 0.0000025813796762409156,
              "p75": 0.0005000000001018634,
              "p99": 0.0008749999997235136,
              "p995": 0.0012080000014975667,
              "p999": 0.0019579999989218777,
              "sampleCount": 1076717,
              "median": 0.0004169999992882367
            },
            {
              "id": "599836661_1_2",
              "name": "Chained Computed - Solid Signals",
              "rank": 1,
              "rme": 0.04152775015708937,
              "samples": [],
              "totalTime": 500.00000299991734,
              "min": 0,
              "max": 0.01504199999908451,
              "hz": 37902421.77259173,
              "period": 0.000026383538392344285,
              "mean": 0.000026383538392344285,
              "variance": 5.921990552792038e-10,
              "sd": 0.000024335140338185923,
              "sem": 5.590045870496168e-9,
              "df": 18951210,
              "critical": 1.96,
              "moe": 1.095648990617249e-8,
              "p75": 0.00004199999966658652,