{
  "files": [
    {
      "filepath": "/Users/kyle/benchmark-state/benchmarks/state-management/groups/10-selectors/selectors.bench.ts",
      "groups": [
        {
          "fullName": "groups/10-selectors/selectors.bench.ts > Simple Selector",
          "benchmarks": [
            {
              "id": "473097573_0_0",
              "name": "Selector - Redux Toolkit",
              "rank": 2,
              "rme": 1.8648700869882593,
              "samples": [],
              "totalTime": 500.00056900001704,
              "min": 0.001249999999913598,
              "max": 1.8233749999999418,
              "hz": 597077.3205259889,
              "period": 0.0016748249608929387,
              "mean": 0.0016748249608929387,
              "variance": 0.00007580972937150504,
              "sd": 0.008706878279355066,
              "sem": 0.000015935362094441442,
              "df": 298538,
              "critical": 1.96,
              "moe": 0.00003123330970510523,
              "p75": 0.0015840000000366672,
              "p99": 0.002250000000003638,
              "p995": 0.0027079999999841675,
              "p999": 0.009790999999950145,
              "sampleCount": 298539,
              "median": 0.0014999999999929514
            },
            {
              "id": "473097573_0_1",
              "name": "Selector - Zustand",
              "rank": 3,
              "rme": 0.15945040623471354,
              "samples": [],
              "totalTime": 500.000278000051,
              "min": 0.0025410000000647415,
              "max": 0.12824999999998,
              "hz": 365421.7968254437,
              "period": 0.0027365636332790638,
              "mean": 0.0027365636332790638,
              "variance": 9.055551700397636e-7,
              "sd": 0.0009516066256808869,
              "sem": 0.0000022262560357831138,
              "df": 182710,
              "critical": 1.96,
              "moe": 0.000004363461830134903,
              "p75": 0.0027499999999918145,
              "p99": 0.003415999999901942,
              "p995": 0.003458000000023276,
              "p999": 0.0037500000000818545,
              "sampleCount": 182711,
              "median": 0.0027079999999841675
            },
            {
              "id": "473097573_0_2",
              "name": "Selector - Valtio",
              "rank": 1,
              "rme": 0.4425180023856048,
              "samples": [],
              "totalTime": 500.0000940005716,
              "min": 0.0001249999995707185,
              "max": 0.757082999999966,
              "hz": 5282459.006891667,
              "period": 0.00018930577571834776,
              "mean": 0.00018930577571834776,
              "variance": 4.824848646141735e-7,
              "sd": 0.0006946113046979393,
              "sem": 4.274041515864315e-7,
              "df": 2641229,
              "critical": 1.96,
              "moe": 8.377121371094058e-7,
              "p75": 0.00020799999992959783,
              "p99": 0.0002500000000509317,
              "p995": 0.0002500000000509317,
              "p999": 0.0007919999998193816,
              "sampleCount": 2641230,
              "median": 0.00016700000014679972
            }
          ]
        },
        {
          "fullName": "groups/10-selectors/selectors.bench.ts > Chained Selectors",
          "benchmarks": [
            {
              "id": "473097573_1_0",
              "name": "Chained Selectors - Redux Toolkit",
              "rank": 2,
              "rme": 2.8733076843794176,
              "samples": [],
              "totalTime": 500.0024360000152,
              "min": 0.00179100000013932,
              "max": 2.6511249999998654,
              "hz": 384802.1252440341,
              "period": 0.0025987382459642583,
              "mean": 0.0025987382459642583,
              "variance": 0.000279245886409622,
              "sd": 0.01671065188463999,
              "sem": 0.0000380968090398969,
              "df": 192401,
              "critical": 1.96,
              "moe": 0.00007466974571819793,
              "p75": 0.0025829999999587017,
              "p99": 0.003541999999924883,
              "p995": 0.0038340000000971486,
              "p999": 0.013583999999809748,
              "sampleCount": 192402,
              "median": 0.002375000000029104
            },
            {
              "id": "473097573_1_1",
              "name": "Chained Selectors - Zustand",
              "rank": 3,
              "rme": 0.2542016731814269,
              "samples": [],
              "totalTime": 500.00177399999757,
              "min": 0.0025000000000545697,
              "max": 0.3787919999999758,
              "hz": 371290.6826606597,
              "period": 0.0026933075530848906,
              "mean": 0.0026933075530848906,
              "variance": 0.000002265177093096379,
              "sd": 0.0015050505284196869,
              "sem": 0.000003493077991767112,
              "df": 185645,
              "critical": 1.96,
              "moe": 0.00000684643286386354,
              "p75": 0.0027079999999841675,
              "p99": 0.003333999999995285,
              "p995": 0.0033750000002328306,
              "p999": 0.0035000000002582965,
              "sampleCount": 185646,
              "median": 0.002666999999746622
            },
            {
              "id": "473097573_1_2",
              "name": "Chained Selectors - Valtio",
              "rank": 1,
              "rme": 0.17421146122853062,
              "samples": [],
              "totalTime": 500.0002160005579,
              "min": 0.0001249999995707185,
              "max": 0.17716699999982666,
              "hz": 4756205.945313725,
              "period": 0.00021025161893700102,
              "mean": 0.00021025161893700102,
              "variance": 8.305214332549763e-8,
              "sd": 0.0002881876876715895,
              "sem": 1.8687878449326095e-7,
              "df": 2378103,
              "critical": 1.96,
              "moe": 3.662824176067915e-7,
              "p75": 0.00020899999981338624,
              "p99": 0.0002500000000509317,
              "p995": 0.0002919999997175182,
              "p999": 0.0003749999996216502,
              "sampleCount": 2378104,
              "median": 0.00020800000038434519
            }
          ]
        },
        {
          "fullName": "groups/10-selectors/selectors.bench.ts > Selector Repeated Access",
          "benchmarks": [
            {
              "id": "473097573_2_0",
              "name": "Repeated Selector Access - Redux Toolkit",
              "rank": 2,
              "rme": 0.34586474538876766,
              "samples": [],
              "totalTime": 500.0008840001692,
              "min": 0.001540999999633641,
              "max": 0.289042000000336,
              "hz": 562733.0050878566,
              "period": 0.001777041671554124,
              "mean": 0.001777041671554124,
              "variance": 0.000002766743085692598,
              "sd": 0.001663352964855204,
              "sem": 0.0000031357962514147816,
              "df": 281366,
              "critical": 1.96,
              "moe": 0.0000061461606527729715,
              "p75": 0.001750000000356522,
              "p99": 0.0022499999995488906,
              "p995": 0.004625000000487489,
              "p999": 0.01208299999962037,
              "sampleCount": 281367,
              "median": 0.0017499999994470272
            },
            {
              "id": "473097573_2_1",
              "name": "Repeated Selector Access - Zustand",
              "rank": 1,
              "rme": 0.135202581440726,
              "samples": [],
              "totalTime": 500.00048299991613,
              "min": 0.0011660000000119908,
              "max": 0.09145799999987503,
              "hz": 704667.3192914877,
              "period": 0.0014191093763301758,
              "mean": 0.0014191093763301758,
              "variance": 3.3763240175552206e-7,
              "sd": 0.0005810614440448807,