{
  "files": [
    {
      "filepath": "/Users/kyle/benchmark-state/benchmarks/state-management/groups/11-batching-native/batching-native.bench.ts",
      "groups": [
        {
          "fullName": "groups/11-batching-native/batching-native.bench.ts > Batched Updates (3 fields)",
          "benchmarks": [
            {
              "id": "-1337406860_0_0",
              "name": "Batched Updates - Solid Signals",
              "rank": 1,
              "rme": 1.3217865676156226,
              "samples": [],
              "totalTime": 500.0000250002498,
              "min": 0,
              "max": 3.3510000000001128,
              "hz": 39849314.00751439,
              "period": 0.000025094534872330045,
              "mean": 0.000025094534872330045,
              "variance": 5.706367033405214e-7,
              "sd": 0.0007554049929279798,
              "sem": 1.6923275058575344e-7,
              "df": 19924657,
              "critical": 1.96,
              "moe": 3.3169619114807675e-7,
              "p75": 0.00004200000000764703,
              "p99": 0.00008300000001781882,
              "p995": 0.00008399999990160723,
              "p999": 0.00008400000001529406,
              "sampleCount": 19924658,
              "median": 0.00004100000001017179
            },
            {
              "id": "-1337406860_0_1",
              "name": "Batched Updates - MobX",
              "rank": 3,
              "rme": 0.2086307954526934,
              "samples": [],
              "totalTime": 500.0000500001124,
              "min": 0.00020799999947485048,
              "max": 0.21662500000002183,
              "hz": 3262647.6737344987,
              "period": 0.00030649953657281597,
              "mean": 0.00030649953657281597,
              "variance": 1.736379121099447e-7,
              "sd": 0.0004166988266241515,
              "sem": 3.2625123531157396e-7,
              "df": 1631323,
              "critical": 1.96,
              "moe": 6.394524212106849e-7,
              "p75": 0.0003329999999550637,
              "p99": 0.0003750000005311449,
              "p995": 0.00041599999985919567,
              "p999": 0.0007919999998193816,
              "sampleCount": 1631324,
              "median": 0.0002919999997175182
            },
            {
              "id": "-1337406860_0_2",
              "name": "Batched Updates - Valtio",
              "rank": 2,
              "rme": 0.10900690202031722,
              "samples": [],
              "totalTime": 500.0001520005935,
              "min": 0.0001249999995707185,
              "max": 0.1577499999993961,
              "hz": 4819574.534843621,
              "period": 0.0002074871947244295,
              "mean": 0.0002074871947244295,
              "variance": 3.2089081548469106e-8,
              "sd": 0.00017913425565332027,
              "sem": 1.1539559339692024e-7,
              "df": 2409787,
              "critical": 1.96,
              "moe": 2.2617536305796365e-7,
              "p75": 0.00020899999981338624,
              "p99": 0.0002500000000509317,
              "p995": 0.0002919999997175182,
              "p999": 0.00033400000029359944,
              "sampleCount": 2409788,
              "median": 0.00020800000038434519
            }
          ]
        },
        {
          "fullName": "groups/11-batching-native/batching-native.bench.ts > Unbatched Updates (3 fields)",
          "benchmarks": [
            {
              "id": "-1337406860_1_0",
              "name": "Unbatched Updates - Solid Signals",
              "rank": 1,
              "rme": 0.05649723823085809,
              "samples": [],
              "totalTime": 500.00003299882064,
              "min": 0,
              "max": 0.0369170000003578,
              "hz": 42490501.19572714,
              "period": 0.000023534671793905795,
              "mean": 0.000023534671793905795,
              "variance": 9.7773345055575e-10,
              "sd": 0.00003126872959612766,
              "sem": 6.7838977501293465e-9,
              "df": 21245251,
              "critical": 1.96,
              "moe": 1.329643959025352e-8,
              "p75": 0.00004199999966658652,
              "p99": 0.00008299999990413198,
              "p995": 0.00008299999990413198,
              "p999": 0.00008400000024266774,
              "sampleCount": 21245252,
              "median": 0.000041000000237545464
            },
            {
              "id": "-1337406860_1_1",
              "name": "Unbatched Updates - MobX",
              "rank": 3,
              "rme": 0.02818619634099246,
              "samples": [],
              "totalTime": 500.00000100134093,
              "min": 0.00016599999980826396,
              "max": 0.02525000000059663,
              "hz": 3799625.9923905577,
              "period": 0.0002631837980903073,
              "mean": 0.0002631837980903073,
              "variance": 2.7213848218571672e-9,
              "sd": 0.00005216689392571851,
              "sem": 3.784770513643631e-8,
              "df": 1899812,
              "critical": 1.96,
              "moe": 7.418150206741517e-8,
              "p75": 0.00029100000028847717,
              "p99": 0.0003329999999550637,
              "p995": 0.00033400000029359944,
              "p999": 0.0005409999994299142,
              "sampleCount": 1899813,
              "median": 0.0002500000009604264
            },
            {
              "id": "-1337406860_1_2",
              "name": "Unbatched Updates - Valtio",
              "rank": 2,
              "rme": 0.2728039181455393,
              "samples": [],
              "totalTime": 500.00001300078475,
              "min": 0.0001249999986612238,
              "max": 0.3480420000014419,
              "hz": 4849005.873918237,
              "period": 0.00020622783844803853,
              "mean": 0.00020622783844803853,
              "variance": 1.9975900672409692e-7,
              "sd": 0.0004469440756113643,
              "sem": 2.8703960387403164e-7,
              "df": 2424502,
              "critical": 1.96,
              "moe": 5.62597623593102e-7,
              "p75": 0.00020899999981338624,
              "p99": 0.0002500000009604264,
              "p995": 0.0002919999988080235,
              "p999": 0.0003749999996216502,
              "sampleCount": 2424503,
              "median": 0.00020799999947485048
            }
          ]
        },
        {
          "fullName": "groups/11-batching-native/batching-native.bench.ts > Large Batch (100 updates)",
          "benchmarks": [
            {
              "id": "-1337406860_2_0",
              "name": "Large Batch - Solid Signals",
              "rank": 1,
              "rme": 0.07610733553647704,
              "samples": [],
              "totalTime": 500.0000390037567,
              "min": 0,
              "max": 0.1821670000008453,
              "hz": 27945211.820063516,
              "period": 0.000035784305606230584,
              "mean": 0.000035784305606230584,
              "variance": 2.6977613314740035e-9,
              "sd": 0.00005193997816204781,
              "sem": 1.3895143641394018e-8,
              "df": 13972606,
              "critical": 1.96,
              "moe": 2.7234481537132274e-8,
              "p75": 0.00004199999966658652,
              "p99": 0.00004200000148557592,
              "p995": 0.00004200000148557592,
              "p999": 0.00008399999933317304,
              "sampleCount": 13972607,
              "median": 0.00004199999966658652
            },
            {
              "id": "-1337406860_2_1",
              "name": "Large Batch - MobX",
              "rank": 2,
              "rme": 0.03232305408331264,
              "samples": [],
              "totalTime": 500.0039470002703,
              "min": 0.006582999998499872,
              "max": 0.0417089999991731,
              "hz": 146456.84386959532,
              "period": 0.006827949951525629,
              "mean": 0.006827949951525629,
              "variance": 9.284882172522007e-8,