{
  "files": [
    {
      "filepath": "/Users/kyle/benchmark-state/benchmarks/state-management/groups/02-write/write-x1.bench.ts",
      "groups": [
        {
          "fullName": "groups/02-write/write-x1.bench.ts > Write Operations - x1",
          "benchmarks": [
            {
              "id": "-750426684_0_0",
              "name": "Simple Increment - Redux Toolkit",
              "rank": 11,
              "rme": 0.49330823100274346,
              "samples": [],
              "totalTime": 500.0008840000321,
              "min": 0.0009159999999610591,
              "max": 0.3214580000000069,
              "hz": 784474.6130488338,
              "period": 0.0012747385108021969,
              "mean": 0.0012747385108021969,
              "variance": 0.000004037536482305518,
              "sd": 0.0020093622078424583,
              "sem": 0.000003208362243647466,
              "df": 392237,
              "critical": 1.96,
              "moe": 0.000006288389997549033,
              "p75": 0.001167000000009466,
              "p99": 0.0031249999999545253,
              "p995": 0.004000000000019099,
              "p999": 0.0232499999999618,
              "sampleCount": 392238,
              "median": 0.001082999999994172
            },
            {
              "id": "-750426684_0_1",
              "name": "Simple Increment - Zustand",
              "rank": 14,
              "rme": 0.6371079718954047,
              "samples": [],
              "totalTime": 500.00033799998596,
              "min": 0.002499999999827196,
              "max": 1.5529999999999973,
              "hz": 350821.76284449815,
              "period": 0.0028504503024324927,
              "mean": 0.0028504503024324927,
              "variance": 0.000015059054576714332,
              "sd": 0.0038805997702306707,
              "sem": 0.000009265533730466369,
              "df": 175410,
              "critical": 1.96,
              "moe": 0.000018160446111714083,
              "p75": 0.0029170000000249274,
              "p99": 0.004124999999930878,
              "p995": 0.006541000000083841,
              "p999": 0.011457999999947788,
              "sampleCount": 175411,
              "median": 0.0027079999999841675
            },
            {
              "id": "-750426684_0_2",
              "name": "Simple Increment - Jotai",
              "rank": 1,
              "rme": 0.35093993809618845,
              "samples": [],
              "totalTime": 500.0000109997268,
              "min": 0,
              "max": 0.4873330000000351,
              "hz": 33919541.25378863,
              "period": 0.00002948153079423813,
              "mean": 0.00002948153079423813,
              "variance": 4.725779907292715e-8,
              "sd": 0.00021738859002470013,
              "sem": 5.2786972407708184e-8,
              "df": 16959770,
              "critical": 1.96,
              "moe": 1.0346246591910804e-7,
              "p75": 0.00004200000012133387,
              "p99": 0.00008299999990413198,
              "p995": 0.00008300000035887933,
              "p999": 0.00008400000024266774,
              "sampleCount": 16959771,
              "median": 0.000041000000237545464
            },
            {
              "id": "-750426684_0_3",
              "name": "Simple Increment - MobX",
              "rank": 10,
              "rme": 0.488330205447947,
              "samples": [],
              "totalTime": 500.00012200017864,
              "min": 0.00016699999923730502,
              "max": 0.4833330000001297,
              "hz": 3045725.256841949,
              "period": 0.00032832902368773724,
              "mean": 0.00032832902368773724,
              "variance": 0.000001019047479804459,
              "sd": 0.001009478815926545,
              "sem": 8.180254060814111e-7,
              "df": 1522862,
              "critical": 1.96,
              "moe": 0.0000016033297959195656,
              "p75": 0.0003329999999550637,
              "p99": 0.0007089999999152496,
              "p995": 0.0007500000001527951,
              "p999": 0.0011669999994410318,
              "sampleCount": 1522863,
              "median": 0.0002919999997175182
            },
            {
              "id": "-750426684_0_4",
              "name": "Simple Increment - Valtio",
              "rank": 9,
              "rme": 0.33040434717607853,
              "samples": [],
              "totalTime": 500.00020400144604,
              "min": 0.0001249999995707185,
              "max": 0.4169999999994616,
              "hz": 4240840.269724905,
              "period": 0.000235802326048198,
              "mean": 0.000235802326048198,
              "variance": 3.350407476748097e-7,
              "sd": 0.0005788270446988545,
              "sem": 3.9750057959467186e-7,
              "df": 2120420,
              "critical": 1.96,
              "moe": 7.791011360055568e-7,
              "p75": 0.0002500000000509317,
              "p99": 0.00041599999985919567,
              "p995": 0.0004579999995257822,
              "p999": 0.0005420000006779446,
              "sampleCount": 2120421,
              "median": 0.00020899999981338624
            },
            {
              "id": "-750426684_0_5",
              "name": "Simple Increment - Preact Signals",
              "rank": 5,
              "rme": 1.4114326099080385,
              "samples": [],
              "totalTime": 500.00002400229823,
              "min": 0,
              "max": 3.4600829999999405,
              "hz": 28203918.646082267,
              "period": 0.00003545606596546141,
              "mean": 0.00003545606596546141,
              "variance": 9.193242658245059e-7,
              "sd": 0.0009588139891681315,
              "sem": 2.5532575368725913e-7,
              "df": 14101959,
              "critical": 1.96,
              "moe": 5.004384772270278e-7,
              "p75": 0.00004199999966658652,
              "p99": 0.00008399999933317304,
              "p995": 0.00008400000115216244,
              "p999": 0.0001249999986612238,
              "sampleCount": 14101960,
              "median": 0.00004199999966658652
            },
            {
              "id": "-750426684_0_6",
              "name": "Simple Increment - Solid Signals",
              "rank": 2,
              "rme": 0.10219247028614141,
              "samples": [],
              "totalTime": 500.0000049990176,
              "min": 0,
              "max": 0.10758399999940593,
              "hz": 33108765.668977395,
              "period": 0.00003020348176063207,
              "mean": 0.00003020348176063207,
              "variance": 4.105373463140443e-9,
              "sd": 0.00006407318833287792,
              "sem": 1.5747798022252077e-8,
              "df": 16554382,
              "critical": 1.96,
              "moe": 3.086568412361407e-8,
              "p75": 0.00004199999966658652,
              "p99": 0.00004200000148557592,
              "p995": 0.00008300000081362668,
              "p999": 0.00008400000115216244,
              "sampleCount": 16554383,
              "median": 0.000041000001147040166
            },
            {
              "id": "-750426684_0_7",
              "name": "Simple Increment - Zen",
              "rank": 4,
              "rme": 0.16475857163632063,
              "samples": [],
              "totalTime": 500.00001399052417,
              "min": 0,
              "max": 0.19941599999947357,
              "hz": 28233961.20998417,
              "period": 0.00003541833866536508,
              "mean": 0.00003541833866536508,
              "variance": 1.2513595042531424e-8,
              "sd": 0.00011186418123122085,
              "sem": 2.9772831062433763e-8,
              "df": 14116980,
              "critical": 1.96,
              "moe": 5.835474888237018e-8,
              "p75": 0.00004199999966658652,
              "p99": 0.00008399999933317304,
              "p995": 0.00008399999933317304,
              "p999": 0.00008400000297115184,