{
  "files": [
    {
      "filepath": "/Users/kyle/benchmark-state/benchmarks/state-management/groups/03-creation/store-creation.bench.ts",
      "groups": [
        {
          "fullName": "groups/03-creation/store-creation.bench.ts > Store Creation",
          "benchmarks": [
            {
              "id": "91608031_0_0",
              "name": "Store Creation - Redux Toolkit",
              "rank": 7,
              "rme": 1.0347219248497532,
              "samples": [],
              "totalTime": 500.00199700001184,
              "min": 0.0035409999999274078,
              "max": 1.455791999999974,
              "hz": 173331.30771475288,
              "period": 0.0057692981907554505,
              "mean": 0.0057692981907554505,
              "variance": 0.00008039515661723777,
              "sd": 0.008966334625544475,
              "sem": 0.000030457241474340195,
              "df": 86665,
              "critical": 1.96,
              "moe": 0.00005969619328970678,
              "p75": 0.0049999999999954525,
              "p99": 0.022457999999915046,
              "p995": 0.03129200000000765,
              "p999": 0.0757499999999709,
              "sampleCount": 86666,
              "median": 0.004457999999999629
            },
            {
              "id": "91608031_0_1",
              "name": "Store Creation - Zustand",
              "rank": 4,
              "rme": 0.35000256271214625,
              "samples": [],
              "totalTime": 500.00003600007574,
              "min": 0,
              "max": 0.19212500000003274,
              "hz": 10875729.21694585,
              "period": 0.00009194785747716718,
              "mean": 0.00009194785747716718,
              "variance": 1.466026954611927e-7,
              "sd": 0.00038288731431217817,
              "sem": 1.6419380486173312e-7,
              "df": 5437864,
              "critical": 1.96,
              "moe": 3.218198575289969e-7,
              "p75": 0.00008400000001529406,
              "p99": 0.00016700000014679972,
              "p995": 0.0002500000000509317,
              "p999": 0.0005840000001171575,
              "sampleCount": 5437865,
              "median": 0.00008300000013150566
            },
            {
              "id": "91608031_0_2",
              "name": "Store Creation - Jotai",
              "rank": 5,
              "rme": 1.7670107798361823,
              "samples": [],
              "totalTime": 500.41647900012185,
              "min": 0.00016599999980826396,
              "max": 0.693749999999909,
              "hz": 2312931.4252653103,
              "period": 0.00043235177190144867,
              "mean": 0.00043235177190144867,
              "variance": 0.000017584705575820514,
              "sd": 0.004193412163837525,
              "sem": 0.000003897807355260888,
              "df": 1157428,
              "critical": 1.96,
              "moe": 0.00000763970241631134,
              "p75": 0.0004170000001977314,
              "p99": 0.0010419999998703133,
              "p995": 0.001209000000017113,
              "p999": 0.0019580000002861198,
              "sampleCount": 1157429,
              "median": 0.00033300000040981104
            },
            {
              "id": "91608031_0_3",
              "name": "Store Creation - MobX",
              "rank": 8,
              "rme": 11.116147220740118,
              "samples": [],
              "totalTime": 504.42320699999664,
              "min": 2.0017089999996642,
              "max": 20.540541000000303,
              "hz": 277.5447244638785,
              "period": 3.603022907142833,
              "mean": 3.603022907142833,
              "variance": 5.845996072707738,
              "sd": 2.4178494727149036,
              "sem": 0.2043455769158101,
              "df": 139,
              "critical": 1.96,
              "moe": 0.4005173307549878,
              "p75": 3.839375000000018,
              "p99": 10.863374999999905,
              "p995": 20.540541000000303,
              "p999": 20.540541000000303,
              "sampleCount": 140,
              "median": 2.6738749999999527
            },
            {
              "id": "91608031_0_4",
              "name": "Store Creation - Valtio",
              "rank": 6,
              "rme": 116.33930622837043,
              "samples": [],
              "totalTime": 535.1477840000844,
              "min": 0.0003329999999550637,
              "max": 313.079291,
              "hz": 235480.7471275638,
              "period": 0.0042466316766792125,
              "mean": 0.0042466316766792125,
              "variance": 0.8006802624565481,
              "sd": 0.894807388467791,
              "sem": 0.002520664199348373,
              "df": 126016,
              "critical": 1.96,
              "moe": 0.004940501830722811,
              "p75": 0.0009580000005371403,
              "p99": 0.0025420000001759036,
              "p995": 0.0044580000003406894,
              "p999": 0.018042000000605185,
              "sampleCount": 126017,
              "median": 0.0006669999993391684
            },
            {
              "id": "91608031_0_5",
              "name": "Store Creation - Preact Signals",
              "rank": 1,
              "rme": 0.7693950794186639,
              "samples": [],
              "totalTime": 500.0000399961673,
              "min": 0,
              "max": 0.9731669999991936,
              "hz": 33384299.32951196,
              "period": 0.000029954200629755104,
              "mean": 0.000029954200629755104,
              "variance": 2.3078864623755794e-7,
              "sd": 0.00048040466925037054,
              "sem": 1.1758476822680111e-7,
              "df": 16692150,
              "critical": 1.96,
              "moe": 2.304661457245302e-7,
              "p75": 0.00004199999966658652,
              "p99": 0.00004200000057608122,
              "p995": 0.00008299999990413198,
              "p999": 0.00008400000024266774,
              "sampleCount": 16692151,
              "median": 0.000041000000237545464
            },
            {
              "id": "91608031_0_6",
              "name": "Store Creation - Solid Signals",
              "rank": 3,
              "rme": 0.07429011339692061,
              "samples": [],
              "totalTime": 500.0000349966904,
              "min": 0,
              "max": 0.0750000000007276,
              "hz": 32134155.7508218,
              "period": 0.0000311195354797652,
              "mean": 0.0000311195354797652,
              "variance": 2.2353886433072466e-9,
              "sd": 0.00004727989681997251,
              "sem": 1.1795274590057404e-8,
              "df": 16067078,
              "critical": 1.96,
              "moe": 2.311873819651251e-8,
              "p75": 0.00004199999966658652,
              "p99": 0.00004200000148557592,
              "p995": 0.00008300000081362668,
              "p999": 0.00008400000115216244,
              "sampleCount": 16067079,
              "median": 0.000041000001147040166
            },
            {
              "id": "91608031_0_7",
              "name": "Store Creation - Zen",
              "rank": 2,
              "rme": 1.879303031836961,
              "samples": [],
              "totalTime": 500.0000269990196,
              "min": 0,
              "max": 4.67699999999968,
              "hz": 32150344.26394445,
              "period": 0.00003110386600498916,
              "mean": 0.00003110386600498916,
              "variance": 0.0000014297690317656372,
              "sd": 0.0011957294977400354,
              "sem": 2.982326004338097e-7,
              "df": 16075172,
              "critical": 1.96,
              "moe": 5.845358968502671e-7,
              "p75": 0.00004199999966658652,
              "p99": 0.00008299999899463728,
              "p995": 0.00008300000081362668,
              "p999": 0.00008400000115216244,
              "sampleCount": 16075173,